---,Name,Description,Mesh,Thumbnail
Hair,"Hair","Hair","(SkeletalMesh'""/Game/Asset/ModularCharacters/ModularParts/SK_Chr_Hair_01.SK_Chr_Hair_01""',SkeletalMesh'""/Game/Asset/ModularCharacters/ModularParts/SK_Chr_Hair_02.SK_Chr_Hair_02""',SkeletalMesh'""/Game/Asset/ModularCharacters/ModularParts/SK_Chr_Hair_03.SK_Chr_Hair_03""',SkeletalMesh'""/Game/Asset/ModularCharacters/ModularParts/SK_Chr_Hair_04.SK_Chr_Hair_04""',SkeletalMesh'""/Game/Asset/ModularCharacters/ModularParts/SK_Chr_Hair_05.SK_Chr_Hair_05""',SkeletalMesh'""/Game/Asset/ModularCharacters/ModularParts/SK_Chr_Hair_06.SK_Chr_Hair_06""',SkeletalMesh'""/Game/Asset/ModularCharacters/ModularParts/SK_Chr_Hair_07.SK_Chr_Hair_07""',SkeletalMesh'""/Game/Asset/ModularCharacters/ModularParts/SK_Chr_Hair_08.SK_Chr_Hair_08""',SkeletalMesh'""/Game/Asset/ModularCharacters/ModularParts/SK_Chr_Hair_09.SK_Chr_Hair_09""',SkeletalMesh'""/Game/Asset/ModularCharacters/ModularParts/SK_Chr_Hair_10.SK_Chr_Hair_10""',SkeletalMesh'""/Game/Asset/ModularCharacters/ModularParts/SK_Chr_Hair_11.SK_Chr_Hair_11""',SkeletalMesh'""/Game/Asset/ModularCharacters/ModularParts/SK_Chr_Hair_12.SK_Chr_Hair_12""',SkeletalMesh'""/Game/Asset/ModularCharacters/ModularParts/SK_Chr_Hair_13.SK_Chr_Hair_13""',SkeletalMesh'""/Game/Asset/ModularCharacters/ModularParts/SK_Chr_Hair_14.SK_Chr_Hair_14""',SkeletalMesh'""/Game/Asset/ModularCharacters/ModularParts/SK_Chr_Hair_15.SK_Chr_Hair_15""',SkeletalMesh'""/Game/Asset/ModularCharacters/ModularParts/SK_Chr_Hair_16.SK_Chr_Hair_16""',SkeletalMesh'""/Game/Asset/ModularCharacters/ModularParts/SK_Chr_Hair_17.SK_Chr_Hair_17""',SkeletalMesh'""/Game/Asset/ModularCharacters/ModularParts/SK_Chr_Hair_18.SK_Chr_Hair_18""',SkeletalMesh'""/Game/Asset/ModularCharacters/ModularParts/SK_Chr_Hair_19.SK_Chr_Hair_19""',SkeletalMesh'""/Game/Asset/ModularCharacters/ModularParts/SK_Chr_Hair_20.SK_Chr_Hair_20""',SkeletalMesh'""/Game/Asset/ModularCharacters/ModularParts/SK_Chr_Hair_21.SK_Chr_Hair_21""',SkeletalMesh'""/Game/Asset/ModularCharacters/ModularParts/SK_Chr_Hair_22.SK_Chr_Hair_22""',SkeletalMesh'""/Game/Asset/ModularCharacters/ModularParts/SK_Chr_Hair_23.SK_Chr_Hair_23""',SkeletalMesh'""/Game/Asset/ModularCharacters/ModularParts/SK_Chr_Hair_24.SK_Chr_Hair_24""',SkeletalMesh'""/Game/Asset/ModularCharacters/ModularParts/SK_Chr_Hair_25.SK_Chr_Hair_25""',SkeletalMesh'""/Game/Asset/ModularCharacters/ModularParts/SK_Chr_Hair_26.SK_Chr_Hair_26""',SkeletalMesh'""/Game/Asset/ModularCharacters/ModularParts/SK_Chr_Hair_27.SK_Chr_Hair_27""',SkeletalMesh'""/Game/Asset/ModularCharacters/ModularParts/SK_Chr_Hair_28.SK_Chr_Hair_28""',SkeletalMesh'""/Game/Asset/ModularCharacters/ModularParts/SK_Chr_Hair_29.SK_Chr_Hair_29""')",""
Head_Male,"Head_Male","This is male's head","(SkeletalMesh'""/Game/Asset/ModularCharacters/ModularParts/SK_Chr_Head_Male_00.SK_Chr_Head_Male_00""',SkeletalMesh'""/Game/Asset/ModularCharacters/ModularParts/SK_Chr_Head_Male_01.SK_Chr_Head_Male_01""',SkeletalMesh'""/Game/Asset/ModularCharacters/ModularParts/SK_Chr_Head_Male_02.SK_Chr_Head_Male_02""',SkeletalMesh'""/Game/Asset/ModularCharacters/ModularParts/SK_Chr_Head_Male_03.SK_Chr_Head_Male_03""',SkeletalMesh'""/Game/Asset/ModularCharacters/ModularParts/SK_Chr_Head_Male_04.SK_Chr_Head_Male_04""',SkeletalMesh'""/Game/Asset/ModularCharacters/ModularParts/SK_Chr_Head_Male_05.SK_Chr_Head_Male_05""',SkeletalMesh'""/Game/Asset/ModularCharacters/ModularParts/SK_Chr_Head_Male_06.SK_Chr_Head_Male_06""',SkeletalMesh'""/Game/Asset/ModularCharacters/ModularParts/SK_Chr_Head_Male_07.SK_Chr_Head_Male_07""',SkeletalMesh'""/Game/Asset/ModularCharacters/ModularParts/SK_Chr_Head_Male_08.SK_Chr_Head_Male_08""',SkeletalMesh'""/Game/Asset/ModularCharacters/ModularParts/SK_Chr_Head_Male_09.SK_Chr_Head_Male_09""',SkeletalMesh'""/Game/Asset/ModularCharacters/ModularParts/SK_Chr_Head_Male_10.SK_Chr_Head_Male_10""',SkeletalMesh'""/Game/Asset/ModularCharacters/ModularParts/SK_Chr_Head_Male_11.SK_Chr_Head_Male_11""',SkeletalMesh'""/Game/Asset/ModularCharacters/ModularParts/SK_Chr_Head_Male_12.SK_Chr_Head_Male_12""',SkeletalMesh'""/Game/Asset/ModularCharacters/ModularParts/SK_Chr_Head_Male_13.SK_Chr_Head_Male_13""',SkeletalMesh'""/Game/Asset/ModularCharacters/ModularParts/SK_Chr_Head_Male_14.SK_Chr_Head_Male_14""',SkeletalMesh'""/Game/Asset/ModularCharacters/ModularParts/SK_Chr_Head_Male_15.SK_Chr_Head_Male_15""',SkeletalMesh'""/Game/Asset/ModularCharacters/ModularParts/SK_Chr_Head_Male_16.SK_Chr_Head_Male_16""',SkeletalMesh'""/Game/Asset/ModularCharacters/ModularParts/SK_Chr_Head_Male_17.SK_Chr_Head_Male_17""',SkeletalMesh'""/Game/Asset/ModularCharacters/ModularParts/SK_Chr_Head_Male_18.SK_Chr_Head_Male_18""',SkeletalMesh'""/Game/Asset/ModularCharacters/ModularParts/SK_Chr_Head_Male_19.SK_Chr_Head_Male_19""',SkeletalMesh'""/Game/Asset/ModularCharacters/ModularParts/SK_Chr_Head_Male_20.SK_Chr_Head_Male_20""',SkeletalMesh'""/Game/Asset/ModularCharacters/ModularParts/SK_Chr_Head_Male_21.SK_Chr_Head_Male_21""',SkeletalMesh'""/Game/Asset/ModularCharacters/ModularParts/SK_Chr_Head_Male_22.SK_Chr_Head_Male_22""')",""
Head_Female,"Head_Female","This is female's head","(SkeletalMesh'""/Game/Asset/ModularCharacters/ModularParts/SK_Chr_Head_Female_00.SK_Chr_Head_Female_00""',SkeletalMesh'""/Game/Asset/ModularCharacters/ModularParts/SK_Chr_Head_Female_01.SK_Chr_Head_Female_01""',SkeletalMesh'""/Game/Asset/ModularCharacters/ModularParts/SK_Chr_Head_Female_02.SK_Chr_Head_Female_02""',SkeletalMesh'""/Game/Asset/ModularCharacters/ModularParts/SK_Chr_Head_Female_03.SK_Chr_Head_Female_03""',SkeletalMesh'""/Game/Asset/ModularCharacters/ModularParts/SK_Chr_Head_Female_04.SK_Chr_Head_Female_04""',SkeletalMesh'""/Game/Asset/ModularCharacters/ModularParts/SK_Chr_Head_Female_05.SK_Chr_Head_Female_05""',SkeletalMesh'""/Game/Asset/ModularCharacters/ModularParts/SK_Chr_Head_Female_06.SK_Chr_Head_Female_06""',SkeletalMesh'""/Game/Asset/ModularCharacters/ModularParts/SK_Chr_Head_Female_07.SK_Chr_Head_Female_07""',SkeletalMesh'""/Game/Asset/ModularCharacters/ModularParts/SK_Chr_Head_Female_08.SK_Chr_Head_Female_08""',SkeletalMesh'""/Game/Asset/ModularCharacters/ModularParts/SK_Chr_Head_Female_09.SK_Chr_Head_Female_09""',SkeletalMesh'""/Game/Asset/ModularCharacters/ModularParts/SK_Chr_Head_Female_10.SK_Chr_Head_Female_10""',SkeletalMesh'""/Game/Asset/ModularCharacters/ModularParts/SK_Chr_Head_Female_11.SK_Chr_Head_Female_11""',SkeletalMesh'""/Game/Asset/ModularCharacters/ModularParts/SK_Chr_Head_Female_12.SK_Chr_Head_Female_12""',SkeletalMesh'""/Game/Asset/ModularCharacters/ModularParts/SK_Chr_Head_Female_13.SK_Chr_Head_Female_13""',SkeletalMesh'""/Game/Asset/ModularCharacters/ModularParts/SK_Chr_Head_Female_14.SK_Chr_Head_Female_14""',SkeletalMesh'""/Game/Asset/ModularCharacters/ModularParts/SK_Chr_Head_Female_15.SK_Chr_Head_Female_15""',SkeletalMesh'""/Game/Asset/ModularCharacters/ModularParts/SK_Chr_Head_Female_16.SK_Chr_Head_Female_16""',SkeletalMesh'""/Game/Asset/ModularCharacters/ModularParts/SK_Chr_Head_Female_17.SK_Chr_Head_Female_17""',SkeletalMesh'""/Game/Asset/ModularCharacters/ModularParts/SK_Chr_Head_Female_18.SK_Chr_Head_Female_18""',SkeletalMesh'""/Game/Asset/ModularCharacters/ModularParts/SK_Chr_Head_Female_19.SK_Chr_Head_Female_19""',SkeletalMesh'""/Game/Asset/ModularCharacters/ModularParts/SK_Chr_Head_Female_20.SK_Chr_Head_Female_20""',SkeletalMesh'""/Game/Asset/ModularCharacters/ModularParts/SK_Chr_Head_Female_21.SK_Chr_Head_Female_21""',SkeletalMesh'""/Game/Asset/ModularCharacters/ModularParts/SK_Chr_Head_Female_22.SK_Chr_Head_Female_22""')",""
Eyebrows_Male,"Eyebrows_Male","This is male's eyebrows","(SkeletalMesh'""/Game/Asset/ModularCharacters/ModularParts/SK_Chr_Eyebrow_Male_01.SK_Chr_Eyebrow_Male_01""',SkeletalMesh'""/Game/Asset/ModularCharacters/ModularParts/SK_Chr_Eyebrow_Male_02.SK_Chr_Eyebrow_Male_02""',SkeletalMesh'""/Game/Asset/ModularCharacters/ModularParts/SK_Chr_Eyebrow_Male_03.SK_Chr_Eyebrow_Male_03""',SkeletalMesh'""/Game/Asset/ModularCharacters/ModularParts/SK_Chr_Eyebrow_Male_04.SK_Chr_Eyebrow_Male_04""',SkeletalMesh'""/Game/Asset/ModularCharacters/ModularParts/SK_Chr_Eyebrow_Male_05.SK_Chr_Eyebrow_Male_05""',SkeletalMesh'""/Game/Asset/ModularCharacters/ModularParts/SK_Chr_Eyebrow_Male_06.SK_Chr_Eyebrow_Male_06""',SkeletalMesh'""/Game/Asset/ModularCharacters/ModularParts/SK_Chr_Eyebrow_Male_07.SK_Chr_Eyebrow_Male_07""',SkeletalMesh'""/Game/Asset/ModularCharacters/ModularParts/SK_Chr_Eyebrow_Male_08.SK_Chr_Eyebrow_Male_08""',SkeletalMesh'""/Game/Asset/ModularCharacters/ModularParts/SK_Chr_Eyebrow_Male_09.SK_Chr_Eyebrow_Male_09""',SkeletalMesh'""/Game/Asset/ModularCharacters/ModularParts/SK_Chr_Eyebrow_Male_10.SK_Chr_Eyebrow_Male_10""')",""
Eyebrows_Female,"Eyebrows_Female","This is female's eyebrows","(SkeletalMesh'""/Game/Asset/ModularCharacters/ModularParts/SK_Chr_Eyebrow_Female_01.SK_Chr_Eyebrow_Female_01""',SkeletalMesh'""/Game/Asset/ModularCharacters/ModularParts/SK_Chr_Eyebrow_Female_02.SK_Chr_Eyebrow_Female_02""',SkeletalMesh'""/Game/Asset/ModularCharacters/ModularParts/SK_Chr_Eyebrow_Female_03.SK_Chr_Eyebrow_Female_03""',SkeletalMesh'""/Game/Asset/ModularCharacters/ModularParts/SK_Chr_Eyebrow_Female_04.SK_Chr_Eyebrow_Female_04""',SkeletalMesh'""/Game/Asset/ModularCharacters/ModularParts/SK_Chr_Eyebrow_Female_05.SK_Chr_Eyebrow_Female_05""',SkeletalMesh'""/Game/Asset/ModularCharacters/ModularParts/SK_Chr_Eyebrow_Female_06.SK_Chr_Eyebrow_Female_06""',SkeletalMesh'""/Game/Asset/ModularCharacters/ModularParts/SK_Chr_Eyebrow_Female_07.SK_Chr_Eyebrow_Female_07""')",""
FacialHair,"FacialHair","FacialHair for male","(SkeletalMesh'""/Game/Asset/ModularCharacters/ModularParts/SK_Chr_FacialHair_Male_01.SK_Chr_FacialHair_Male_01""',SkeletalMesh'""/Game/Asset/ModularCharacters/ModularParts/SK_Chr_FacialHair_Male_02.SK_Chr_FacialHair_Male_02""',SkeletalMesh'""/Game/Asset/ModularCharacters/ModularParts/SK_Chr_FacialHair_Male_03.SK_Chr_FacialHair_Male_03""',SkeletalMesh'""/Game/Asset/ModularCharacters/ModularParts/SK_Chr_FacialHair_Male_04.SK_Chr_FacialHair_Male_04""',SkeletalMesh'""/Game/Asset/ModularCharacters/ModularParts/SK_Chr_FacialHair_Male_05.SK_Chr_FacialHair_Male_05""',SkeletalMesh'""/Game/Asset/ModularCharacters/ModularParts/SK_Chr_FacialHair_Male_06.SK_Chr_FacialHair_Male_06""',SkeletalMesh'""/Game/Asset/ModularCharacters/ModularParts/SK_Chr_FacialHair_Male_07.SK_Chr_FacialHair_Male_07""',SkeletalMesh'""/Game/Asset/ModularCharacters/ModularParts/SK_Chr_FacialHair_Male_08.SK_Chr_FacialHair_Male_08""',SkeletalMesh'""/Game/Asset/ModularCharacters/ModularParts/SK_Chr_FacialHair_Male_09.SK_Chr_FacialHair_Male_09""',SkeletalMesh'""/Game/Asset/ModularCharacters/ModularParts/SK_Chr_FacialHair_Male_10.SK_Chr_FacialHair_Male_10""',SkeletalMesh'""/Game/Asset/ModularCharacters/ModularParts/SK_Chr_FacialHair_Male_11.SK_Chr_FacialHair_Male_11""',SkeletalMesh'""/Game/Asset/ModularCharacters/ModularParts/SK_Chr_FacialHair_Male_12.SK_Chr_FacialHair_Male_12""',SkeletalMesh'""/Game/Asset/ModularCharacters/ModularParts/SK_Chr_FacialHair_Male_13.SK_Chr_FacialHair_Male_13""',SkeletalMesh'""/Game/Asset/ModularCharacters/ModularParts/SK_Chr_FacialHair_Male_14.SK_Chr_FacialHair_Male_14""',SkeletalMesh'""/Game/Asset/ModularCharacters/ModularParts/SK_Chr_FacialHair_Male_15.SK_Chr_FacialHair_Male_15""',SkeletalMesh'""/Game/Asset/ModularCharacters/ModularParts/SK_Chr_FacialHair_Male_16.SK_Chr_FacialHair_Male_16""',SkeletalMesh'""/Game/Asset/ModularCharacters/ModularParts/SK_Chr_FacialHair_Male_17.SK_Chr_FacialHair_Male_17""',SkeletalMesh'""/Game/Asset/ModularCharacters/ModularParts/SK_Chr_FacialHair_Male_18.SK_Chr_FacialHair_Male_18""')",""
Torso_Male,"Torso_Male","This is male's upperbody","(SkeletalMesh'""/Game/Asset/ModularCharacters/ModularParts/SK_Chr_Torso_Male_00.SK_Chr_Torso_Male_00""',SkeletalMesh'""/Game/Asset/ModularCharacters/ModularParts/SK_Chr_Torso_Male_01.SK_Chr_Torso_Male_01""',SkeletalMesh'""/Game/Asset/ModularCharacters/ModularParts/SK_Chr_Torso_Male_02.SK_Chr_Torso_Male_02""',SkeletalMesh'""/Game/Asset/ModularCharacters/ModularParts/SK_Chr_Torso_Male_03.SK_Chr_Torso_Male_03""',SkeletalMesh'""/Game/Asset/ModularCharacters/ModularParts/SK_Chr_Torso_Male_04.SK_Chr_Torso_Male_04""',SkeletalMesh'""/Game/Asset/ModularCharacters/ModularParts/SK_Chr_Torso_Male_05.SK_Chr_Torso_Male_05""',SkeletalMesh'""/Game/Asset/ModularCharacters/ModularParts/SK_Chr_Torso_Male_06.SK_Chr_Torso_Male_06""',SkeletalMesh'""/Game/Asset/ModularCharacters/ModularParts/SK_Chr_Torso_Male_07.SK_Chr_Torso_Male_07""',SkeletalMesh'""/Game/Asset/ModularCharacters/ModularParts/SK_Chr_Torso_Male_08.SK_Chr_Torso_Male_08""',SkeletalMesh'""/Game/Asset/ModularCharacters/ModularParts/SK_Chr_Torso_Male_09.SK_Chr_Torso_Male_09""',SkeletalMesh'""/Game/Asset/ModularCharacters/ModularParts/SK_Chr_Torso_Male_10.SK_Chr_Torso_Male_10""',SkeletalMesh'""/Game/Asset/ModularCharacters/ModularParts/SK_Chr_Torso_Male_11.SK_Chr_Torso_Male_11""',SkeletalMesh'""/Game/Asset/ModularCharacters/ModularParts/SK_Chr_Torso_Male_12.SK_Chr_Torso_Male_12""',SkeletalMesh'""/Game/Asset/ModularCharacters/ModularParts/SK_Chr_Torso_Male_13.SK_Chr_Torso_Male_13""',SkeletalMesh'""/Game/Asset/ModularCharacters/ModularParts/SK_Chr_Torso_Male_14.SK_Chr_Torso_Male_14""',SkeletalMesh'""/Game/Asset/ModularCharacters/ModularParts/SK_Chr_Torso_Male_15.SK_Chr_Torso_Male_15""',SkeletalMesh'""/Game/Asset/ModularCharacters/ModularParts/SK_Chr_Torso_Male_16.SK_Chr_Torso_Male_16""',SkeletalMesh'""/Game/Asset/ModularCharacters/ModularParts/SK_Chr_Torso_Male_17.SK_Chr_Torso_Male_17""',SkeletalMesh'""/Game/Asset/ModularCharacters/ModularParts/SK_Chr_Torso_Male_18.SK_Chr_Torso_Male_18""',SkeletalMesh'""/Game/Asset/ModularCharacters/ModularParts/SK_Chr_Torso_Male_19.SK_Chr_Torso_Male_19""',SkeletalMesh'""/Game/Asset/ModularCharacters/ModularParts/SK_Chr_Torso_Male_20.SK_Chr_Torso_Male_20""',SkeletalMesh'""/Game/Asset/ModularCharacters/ModularParts/SK_Chr_Torso_Male_21.SK_Chr_Torso_Male_21""',SkeletalMesh'""/Game/Asset/ModularCharacters/ModularParts/SK_Chr_Torso_Male_22.SK_Chr_Torso_Male_22""',SkeletalMesh'""/Game/Asset/ModularCharacters/ModularParts/SK_Chr_Torso_Male_23.SK_Chr_Torso_Male_23""',SkeletalMesh'""/Game/Asset/ModularCharacters/ModularParts/SK_Chr_Torso_Male_24.SK_Chr_Torso_Male_24""',SkeletalMesh'""/Game/Asset/ModularCharacters/ModularParts/SK_Chr_Torso_Male_25.SK_Chr_Torso_Male_25""',SkeletalMesh'""/Game/Asset/ModularCharacters/ModularParts/SK_Chr_Torso_Male_26.SK_Chr_Torso_Male_26""',SkeletalMesh'""/Game/Asset/ModularCharacters/ModularParts/SK_Chr_Torso_Male_27.SK_Chr_Torso_Male_27""',SkeletalMesh'""/Game/Asset/ModularCharacters/ModularParts/SK_Chr_Torso_Male_28.SK_Chr_Torso_Male_28""')",""
Torso_Female,"Torso_Female","This is female's upperbody","(SkeletalMesh'""/Game/Asset/ModularCharacters/ModularParts/SK_Chr_Torso_Female_00.SK_Chr_Torso_Female_00""',SkeletalMesh'""/Game/Asset/ModularCharacters/ModularParts/SK_Chr_Torso_Female_01.SK_Chr_Torso_Female_01""',SkeletalMesh'""/Game/Asset/ModularCharacters/ModularParts/SK_Chr_Torso_Female_02.SK_Chr_Torso_Female_02""',SkeletalMesh'""/Game/Asset/ModularCharacters/ModularParts/SK_Chr_Torso_Female_03.SK_Chr_Torso_Female_03""',SkeletalMesh'""/Game/Asset/ModularCharacters/ModularParts/SK_Chr_Torso_Female_04.SK_Chr_Torso_Female_04""',SkeletalMesh'""/Game/Asset/ModularCharacters/ModularParts/SK_Chr_Torso_Female_05.SK_Chr_Torso_Female_05""',SkeletalMesh'""/Game/Asset/ModularCharacters/ModularParts/SK_Chr_Torso_Female_06.SK_Chr_Torso_Female_06""',SkeletalMesh'""/Game/Asset/ModularCharacters/ModularParts/SK_Chr_Torso_Female_07.SK_Chr_Torso_Female_07""',SkeletalMesh'""/Game/Asset/ModularCharacters/ModularParts/SK_Chr_Torso_Female_08.SK_Chr_Torso_Female_08""',SkeletalMesh'""/Game/Asset/ModularCharacters/ModularParts/SK_Chr_Torso_Female_09.SK_Chr_Torso_Female_09""',SkeletalMesh'""/Game/Asset/ModularCharacters/ModularParts/SK_Chr_Torso_Female_10.SK_Chr_Torso_Female_10""',SkeletalMesh'""/Game/Asset/ModularCharacters/ModularParts/SK_Chr_Torso_Female_11.SK_Chr_Torso_Female_11""',SkeletalMesh'""/Game/Asset/ModularCharacters/ModularParts/SK_Chr_Torso_Female_12.SK_Chr_Torso_Female_12""',SkeletalMesh'""/Game/Asset/ModularCharacters/ModularParts/SK_Chr_Torso_Female_13.SK_Chr_Torso_Female_13""',SkeletalMesh'""/Game/Asset/ModularCharacters/ModularParts/SK_Chr_Torso_Female_14.SK_Chr_Torso_Female_14""',SkeletalMesh'""/Game/Asset/ModularCharacters/ModularParts/SK_Chr_Torso_Female_15.SK_Chr_Torso_Female_15""',SkeletalMesh'""/Game/Asset/ModularCharacters/ModularParts/SK_Chr_Torso_Female_16.SK_Chr_Torso_Female_16""',SkeletalMesh'""/Game/Asset/ModularCharacters/ModularParts/SK_Chr_Torso_Female_17.SK_Chr_Torso_Female_17""',SkeletalMesh'""/Game/Asset/ModularCharacters/ModularParts/SK_Chr_Torso_Female_18.SK_Chr_Torso_Female_18""',SkeletalMesh'""/Game/Asset/ModularCharacters/ModularParts/SK_Chr_Torso_Female_19.SK_Chr_Torso_Female_19""',SkeletalMesh'""/Game/Asset/ModularCharacters/ModularParts/SK_Chr_Torso_Female_20.SK_Chr_Torso_Female_20""',SkeletalMesh'""/Game/Asset/ModularCharacters/ModularParts/SK_Chr_Torso_Female_21.SK_Chr_Torso_Female_21""',SkeletalMesh'""/Game/Asset/ModularCharacters/ModularParts/SK_Chr_Torso_Female_22.SK_Chr_Torso_Female_22""',SkeletalMesh'""/Game/Asset/ModularCharacters/ModularParts/SK_Chr_Torso_Female_23.SK_Chr_Torso_Female_23""',SkeletalMesh'""/Game/Asset/ModularCharacters/ModularParts/SK_Chr_Torso_Female_24.SK_Chr_Torso_Female_24""',SkeletalMesh'""/Game/Asset/ModularCharacters/ModularParts/SK_Chr_Torso_Female_25.SK_Chr_Torso_Female_25""',SkeletalMesh'""/Game/Asset/ModularCharacters/ModularParts/SK_Chr_Torso_Female_26.SK_Chr_Torso_Female_26""',SkeletalMesh'""/Game/Asset/ModularCharacters/ModularParts/SK_Chr_Torso_Female_27.SK_Chr_Torso_Female_27""',SkeletalMesh'""/Game/Asset/ModularCharacters/ModularParts/SK_Chr_Torso_Female_28.SK_Chr_Torso_Female_28""')",""
ArmUpperRight_Male,"ArmUpperRight_Male","This is male's ArmUpperRight","(SkeletalMesh'""/Game/Asset/ModularCharacters/ModularParts/SK_Chr_ArmUpperRight_Male_00.SK_Chr_ArmUpperRight_Male_00""',SkeletalMesh'""/Game/Asset/ModularCharacters/ModularParts/SK_Chr_ArmUpperRight_Male_01.SK_Chr_ArmUpperRight_Male_01""',SkeletalMesh'""/Game/Asset/ModularCharacters/ModularParts/SK_Chr_ArmUpperRight_Male_02.SK_Chr_ArmUpperRight_Male_02""',SkeletalMesh'""/Game/Asset/ModularCharacters/ModularParts/SK_Chr_ArmUpperRight_Male_03.SK_Chr_ArmUpperRight_Male_03""',SkeletalMesh'""/Game/Asset/ModularCharacters/ModularParts/SK_Chr_ArmUpperRight_Male_04.SK_Chr_ArmUpperRight_Male_04""',SkeletalMesh'""/Game/Asset/ModularCharacters/ModularParts/SK_Chr_ArmUpperRight_Male_05.SK_Chr_ArmUpperRight_Male_05""',SkeletalMesh'""/Game/Asset/ModularCharacters/ModularParts/SK_Chr_ArmUpperRight_Male_06.SK_Chr_ArmUpperRight_Male_06""',SkeletalMesh'""/Game/Asset/ModularCharacters/ModularParts/SK_Chr_ArmUpperRight_Male_07.SK_Chr_ArmUpperRight_Male_07""',SkeletalMesh'""/Game/Asset/ModularCharacters/ModularParts/SK_Chr_ArmUpperRight_Male_08.SK_Chr_ArmUpperRight_Male_08""',SkeletalMesh'""/Game/Asset/ModularCharacters/ModularParts/SK_Chr_ArmUpperRight_Male_09.SK_Chr_ArmUpperRight_Male_09""',SkeletalMesh'""/Game/Asset/ModularCharacters/ModularParts/SK_Chr_ArmUpperRight_Male_10.SK_Chr_ArmUpperRight_Male_10""',SkeletalMesh'""/Game/Asset/ModularCharacters/ModularParts/SK_Chr_ArmUpperRight_Male_11.SK_Chr_ArmUpperRight_Male_11""',SkeletalMesh'""/Game/Asset/ModularCharacters/ModularParts/SK_Chr_ArmUpperRight_Male_12.SK_Chr_ArmUpperRight_Male_12""',SkeletalMesh'""/Game/Asset/ModularCharacters/ModularParts/SK_Chr_ArmUpperRight_Male_13.SK_Chr_ArmUpperRight_Male_13""',SkeletalMesh'""/Game/Asset/ModularCharacters/ModularParts/SK_Chr_ArmUpperRight_Male_14.SK_Chr_ArmUpperRight_Male_14""',SkeletalMesh'""/Game/Asset/ModularCharacters/ModularParts/SK_Chr_ArmUpperRight_Male_15.SK_Chr_ArmUpperRight_Male_15""',SkeletalMesh'""/Game/Asset/ModularCharacters/ModularParts/SK_Chr_ArmUpperRight_Male_16.SK_Chr_ArmUpperRight_Male_16""',SkeletalMesh'""/Game/Asset/ModularCharacters/ModularParts/SK_Chr_ArmUpperRight_Male_17.SK_Chr_ArmUpperRight_Male_17""',SkeletalMesh'""/Game/Asset/ModularCharacters/ModularParts/SK_Chr_ArmUpperRight_Male_18.SK_Chr_ArmUpperRight_Male_18""',SkeletalMesh'""/Game/Asset/ModularCharacters/ModularParts/SK_Chr_ArmUpperRight_Male_19.SK_Chr_ArmUpperRight_Male_19""',SkeletalMesh'""/Game/Asset/ModularCharacters/ModularParts/SK_Chr_ArmUpperRight_Male_20.SK_Chr_ArmUpperRight_Male_20""')",""
ArmUpperRight_Female,"ArmUpperRight_Female","This is female's ArmUpperRight","(SkeletalMesh'""/Game/Asset/ModularCharacters/ModularParts/SK_Chr_ArmUpperRight_Female_00.SK_Chr_ArmUpperRight_Female_00""',SkeletalMesh'""/Game/Asset/ModularCharacters/ModularParts/SK_Chr_ArmUpperRight_Female_01.SK_Chr_ArmUpperRight_Female_01""',SkeletalMesh'""/Game/Asset/ModularCharacters/ModularParts/SK_Chr_ArmUpperRight_Female_02.SK_Chr_ArmUpperRight_Female_02""',SkeletalMesh'""/Game/Asset/ModularCharacters/ModularParts/SK_Chr_ArmUpperRight_Female_03.SK_Chr_ArmUpperRight_Female_03""',SkeletalMesh'""/Game/Asset/ModularCharacters/ModularParts/SK_Chr_ArmUpperRight_Female_04.SK_Chr_ArmUpperRight_Female_04""',SkeletalMesh'""/Game/Asset/ModularCharacters/ModularParts/SK_Chr_ArmUpperRight_Female_05.SK_Chr_ArmUpperRight_Female_05""',SkeletalMesh'""/Game/Asset/ModularCharacters/ModularParts/SK_Chr_ArmUpperRight_Female_06.SK_Chr_ArmUpperRight_Female_06""',SkeletalMesh'""/Game/Asset/ModularCharacters/ModularParts/SK_Chr_ArmUpperRight_Female_07.SK_Chr_ArmUpperRight_Female_07""',SkeletalMesh'""/Game/Asset/ModularCharacters/ModularParts/SK_Chr_ArmUpperRight_Female_08.SK_Chr_ArmUpperRight_Female_08""',SkeletalMesh'""/Game/Asset/ModularCharacters/ModularParts/SK_Chr_ArmUpperRight_Female_09.SK_Chr_ArmUpperRight_Female_09""',SkeletalMesh'""/Game/Asset/ModularCharacters/ModularParts/SK_Chr_ArmUpperRight_Female_10.SK_Chr_ArmUpperRight_Female_10""',SkeletalMesh'""/Game/Asset/ModularCharacters/ModularParts/SK_Chr_ArmUpperRight_Female_11.SK_Chr_ArmUpperRight_Female_11""',SkeletalMesh'""/Game/Asset/ModularCharacters/ModularParts/SK_Chr_ArmUpperRight_Female_12.SK_Chr_ArmUpperRight_Female_12""',SkeletalMesh'""/Game/Asset/ModularCharacters/ModularParts/SK_Chr_ArmUpperRight_Female_13.SK_Chr_ArmUpperRight_Female_13""',SkeletalMesh'""/Game/Asset/ModularCharacters/ModularParts/SK_Chr_ArmUpperRight_Female_14.SK_Chr_ArmUpperRight_Female_14""',SkeletalMesh'""/Game/Asset/ModularCharacters/ModularParts/SK_Chr_ArmUpperRight_Female_15.SK_Chr_ArmUpperRight_Female_15""',SkeletalMesh'""/Game/Asset/ModularCharacters/ModularParts/SK_Chr_ArmUpperRight_Female_16.SK_Chr_ArmUpperRight_Female_16""',SkeletalMesh'""/Game/Asset/ModularCharacters/ModularParts/SK_Chr_ArmUpperRight_Female_17.SK_Chr_ArmUpperRight_Female_17""',SkeletalMesh'""/Game/Asset/ModularCharacters/ModularParts/SK_Chr_ArmUpperRight_Female_18.SK_Chr_ArmUpperRight_Female_18""',SkeletalMesh'""/Game/Asset/ModularCharacters/ModularParts/SK_Chr_ArmUpperRight_Female_19.SK_Chr_ArmUpperRight_Female_19""',SkeletalMesh'""/Game/Asset/ModularCharacters/ModularParts/SK_Chr_ArmUpperRight_Female_20.SK_Chr_ArmUpperRight_Female_20""')",""
ArmUpperLeft_Male,"ArmUpperLeft_Male","This is male's ArmUpperLeft","(SkeletalMesh'""/Game/Asset/ModularCharacters/ModularParts/SK_Chr_ArmUpperRight_Female_00.SK_Chr_ArmUpperRight_Female_00""',SkeletalMesh'""/Game/Asset/ModularCharacters/ModularParts/SK_Chr_ArmUpperRight_Female_01.SK_Chr_ArmUpperRight_Female_01""',SkeletalMesh'""/Game/Asset/ModularCharacters/ModularParts/SK_Chr_ArmUpperRight_Female_02.SK_Chr_ArmUpperRight_Female_02""',SkeletalMesh'""/Game/Asset/ModularCharacters/ModularParts/SK_Chr_ArmUpperRight_Female_03.SK_Chr_ArmUpperRight_Female_03""',SkeletalMesh'""/Game/Asset/ModularCharacters/ModularParts/SK_Chr_ArmUpperRight_Female_04.SK_Chr_ArmUpperRight_Female_04""',SkeletalMesh'""/Game/Asset/ModularCharacters/ModularParts/SK_Chr_ArmUpperRight_Female_05.SK_Chr_ArmUpperRight_Female_05""',SkeletalMesh'""/Game/Asset/ModularCharacters/ModularParts/SK_Chr_ArmUpperRight_Female_06.SK_Chr_ArmUpperRight_Female_06""',SkeletalMesh'""/Game/Asset/ModularCharacters/ModularParts/SK_Chr_ArmUpperRight_Female_07.SK_Chr_ArmUpperRight_Female_07""',SkeletalMesh'""/Game/Asset/ModularCharacters/ModularParts/SK_Chr_ArmUpperRight_Female_08.SK_Chr_ArmUpperRight_Female_08""',SkeletalMesh'""/Game/Asset/ModularCharacters/ModularParts/SK_Chr_ArmUpperRight_Female_09.SK_Chr_ArmUpperRight_Female_09""',SkeletalMesh'""/Game/Asset/ModularCharacters/ModularParts/SK_Chr_ArmUpperRight_Female_10.SK_Chr_ArmUpperRight_Female_10""',SkeletalMesh'""/Game/Asset/ModularCharacters/ModularParts/SK_Chr_ArmUpperRight_Female_11.SK_Chr_ArmUpperRight_Female_11""',SkeletalMesh'""/Game/Asset/ModularCharacters/ModularParts/SK_Chr_ArmUpperRight_Female_12.SK_Chr_ArmUpperRight_Female_12""',SkeletalMesh'""/Game/Asset/ModularCharacters/ModularParts/SK_Chr_ArmUpperRight_Female_13.SK_Chr_ArmUpperRight_Female_13""',SkeletalMesh'""/Game/Asset/ModularCharacters/ModularParts/SK_Chr_ArmUpperRight_Female_14.SK_Chr_ArmUpperRight_Female_14""',SkeletalMesh'""/Game/Asset/ModularCharacters/ModularParts/SK_Chr_ArmUpperRight_Female_15.SK_Chr_ArmUpperRight_Female_15""',SkeletalMesh'""/Game/Asset/ModularCharacters/ModularParts/SK_Chr_ArmUpperRight_Female_16.SK_Chr_ArmUpperRight_Female_16""',SkeletalMesh'""/Game/Asset/ModularCharacters/ModularParts/SK_Chr_ArmUpperRight_Female_17.SK_Chr_ArmUpperRight_Female_17""',SkeletalMesh'""/Game/Asset/ModularCharacters/ModularParts/SK_Chr_ArmUpperRight_Female_18.SK_Chr_ArmUpperRight_Female_18""',SkeletalMesh'""/Game/Asset/ModularCharacters/ModularParts/SK_Chr_ArmUpperRight_Female_19.SK_Chr_ArmUpperRight_Female_19""',SkeletalMesh'""/Game/Asset/ModularCharacters/ModularParts/SK_Chr_ArmUpperRight_Female_20.SK_Chr_ArmUpperRight_Female_20""')",""
ArmUpperLeft_Female,"ArmUpperLeft_Female","This is female's ArmUpperLeft","(SkeletalMesh'""/Game/Asset/ModularCharacters/ModularParts/SK_Chr_ArmUpperLeft_Female_00.SK_Chr_ArmUpperLeft_Female_00""',SkeletalMesh'""/Game/Asset/ModularCharacters/ModularParts/SK_Chr_ArmUpperLeft_Female_01.SK_Chr_ArmUpperLeft_Female_01""',SkeletalMesh'""/Game/Asset/ModularCharacters/ModularParts/SK_Chr_ArmUpperLeft_Female_02.SK_Chr_ArmUpperLeft_Female_02""',SkeletalMesh'""/Game/Asset/ModularCharacters/ModularParts/SK_Chr_ArmUpperLeft_Female_03.SK_Chr_ArmUpperLeft_Female_03""',SkeletalMesh'""/Game/Asset/ModularCharacters/ModularParts/SK_Chr_ArmUpperLeft_Female_04.SK_Chr_ArmUpperLeft_Female_04""',SkeletalMesh'""/Game/Asset/ModularCharacters/ModularParts/SK_Chr_ArmUpperLeft_Female_05.SK_Chr_ArmUpperLeft_Female_05""',SkeletalMesh'""/Game/Asset/ModularCharacters/ModularParts/SK_Chr_ArmUpperLeft_Female_06.SK_Chr_ArmUpperLeft_Female_06""',SkeletalMesh'""/Game/Asset/ModularCharacters/ModularParts/SK_Chr_ArmUpperLeft_Female_07.SK_Chr_ArmUpperLeft_Female_07""',SkeletalMesh'""/Game/Asset/ModularCharacters/ModularParts/SK_Chr_ArmUpperLeft_Female_08.SK_Chr_ArmUpperLeft_Female_08""',SkeletalMesh'""/Game/Asset/ModularCharacters/ModularParts/SK_Chr_ArmUpperLeft_Female_09.SK_Chr_ArmUpperLeft_Female_09""',SkeletalMesh'""/Game/Asset/ModularCharacters/ModularParts/SK_Chr_ArmUpperLeft_Female_10.SK_Chr_ArmUpperLeft_Female_10""',SkeletalMesh'""/Game/Asset/ModularCharacters/ModularParts/SK_Chr_ArmUpperLeft_Female_11.SK_Chr_ArmUpperLeft_Female_11""',SkeletalMesh'""/Game/Asset/ModularCharacters/ModularParts/SK_Chr_ArmUpperLeft_Female_12.SK_Chr_ArmUpperLeft_Female_12""',SkeletalMesh'""/Game/Asset/ModularCharacters/ModularParts/SK_Chr_ArmUpperLeft_Female_13.SK_Chr_ArmUpperLeft_Female_13""',SkeletalMesh'""/Game/Asset/ModularCharacters/ModularParts/SK_Chr_ArmUpperLeft_Female_14.SK_Chr_ArmUpperLeft_Female_14""',SkeletalMesh'""/Game/Asset/ModularCharacters/ModularParts/SK_Chr_ArmUpperLeft_Female_15.SK_Chr_ArmUpperLeft_Female_15""',SkeletalMesh'""/Game/Asset/ModularCharacters/ModularParts/SK_Chr_ArmUpperLeft_Female_16.SK_Chr_ArmUpperLeft_Female_16""',SkeletalMesh'""/Game/Asset/ModularCharacters/ModularParts/SK_Chr_ArmUpperLeft_Female_17.SK_Chr_ArmUpperLeft_Female_17""',SkeletalMesh'""/Game/Asset/ModularCharacters/ModularParts/SK_Chr_ArmUpperLeft_Female_18.SK_Chr_ArmUpperLeft_Female_18""',SkeletalMesh'""/Game/Asset/ModularCharacters/ModularParts/SK_Chr_ArmUpperLeft_Female_19.SK_Chr_ArmUpperLeft_Female_19""',SkeletalMesh'""/Game/Asset/ModularCharacters/ModularParts/SK_Chr_ArmUpperLeft_Female_20.SK_Chr_ArmUpperLeft_Female_20""')",""
ArmLowerRight_Male,"ArmLowerRight_Male","This is male's ArmLowerRight","(SkeletalMesh'""/Game/Asset/ModularCharacters/ModularParts/SK_Chr_ArmLowerRight_Male_00.SK_Chr_ArmLowerRight_Male_00""',SkeletalMesh'""/Game/Asset/ModularCharacters/ModularParts/SK_Chr_ArmLowerRight_Male_01.SK_Chr_ArmLowerRight_Male_01""',SkeletalMesh'""/Game/Asset/ModularCharacters/ModularParts/SK_Chr_ArmLowerRight_Male_02.SK_Chr_ArmLowerRight_Male_02""',SkeletalMesh'""/Game/Asset/ModularCharacters/ModularParts/SK_Chr_ArmLowerRight_Male_03.SK_Chr_ArmLowerRight_Male_03""',SkeletalMesh'""/Game/Asset/ModularCharacters/ModularParts/SK_Chr_ArmLowerRight_Male_04.SK_Chr_ArmLowerRight_Male_04""',SkeletalMesh'""/Game/Asset/ModularCharacters/ModularParts/SK_Chr_ArmLowerRight_Male_05.SK_Chr_ArmLowerRight_Male_05""',SkeletalMesh'""/Game/Asset/ModularCharacters/ModularParts/SK_Chr_ArmLowerRight_Male_06.SK_Chr_ArmLowerRight_Male_06""',SkeletalMesh'""/Game/Asset/ModularCharacters/ModularParts/SK_Chr_ArmLowerRight_Male_07.SK_Chr_ArmLowerRight_Male_07""',SkeletalMesh'""/Game/Asset/ModularCharacters/ModularParts/SK_Chr_ArmLowerRight_Male_08.SK_Chr_ArmLowerRight_Male_08""',SkeletalMesh'""/Game/Asset/ModularCharacters/ModularParts/SK_Chr_ArmLowerRight_Male_09.SK_Chr_ArmLowerRight_Male_09""',SkeletalMesh'""/Game/Asset/ModularCharacters/ModularParts/SK_Chr_ArmLowerRight_Male_10.SK_Chr_ArmLowerRight_Male_10""',SkeletalMesh'""/Game/Asset/ModularCharacters/ModularParts/SK_Chr_ArmLowerRight_Male_11.SK_Chr_ArmLowerRight_Male_11""',SkeletalMesh'""/Game/Asset/ModularCharacters/ModularParts/SK_Chr_ArmLowerRight_Male_12.SK_Chr_ArmLowerRight_Male_12""',SkeletalMesh'""/Game/Asset/ModularCharacters/ModularParts/SK_Chr_ArmLowerRight_Male_13.SK_Chr_ArmLowerRight_Male_13""',SkeletalMesh'""/Game/Asset/ModularCharacters/ModularParts/SK_Chr_ArmLowerRight_Male_14.SK_Chr_ArmLowerRight_Male_14""',SkeletalMesh'""/Game/Asset/ModularCharacters/ModularParts/SK_Chr_ArmLowerRight_Male_15.SK_Chr_ArmLowerRight_Male_15""',SkeletalMesh'""/Game/Asset/ModularCharacters/ModularParts/SK_Chr_ArmLowerRight_Male_16.SK_Chr_ArmLowerRight_Male_16""',SkeletalMesh'""/Game/Asset/ModularCharacters/ModularParts/SK_Chr_ArmLowerRight_Male_17.SK_Chr_ArmLowerRight_Male_17""',SkeletalMesh'""/Game/Asset/ModularCharacters/ModularParts/SK_Chr_ArmLowerRight_Male_18.SK_Chr_ArmLowerRight_Male_18""')",""
ArmLowerRight_Female,"ArmLowerRight_Female","This is female's ArmLowerRight","(SkeletalMesh'""/Game/Asset/ModularCharacters/ModularParts/SK_Chr_ArmLowerRight_Female_00.SK_Chr_ArmLowerRight_Female_00""',SkeletalMesh'""/Game/Asset/ModularCharacters/ModularParts/SK_Chr_ArmLowerRight_Female_01.SK_Chr_ArmLowerRight_Female_01""',SkeletalMesh'""/Game/Asset/ModularCharacters/ModularParts/SK_Chr_ArmLowerRight_Female_02.SK_Chr_ArmLowerRight_Female_02""',SkeletalMesh'""/Game/Asset/ModularCharacters/ModularParts/SK_Chr_ArmLowerRight_Female_03.SK_Chr_ArmLowerRight_Female_03""',SkeletalMesh'""/Game/Asset/ModularCharacters/ModularParts/SK_Chr_ArmLowerRight_Female_04.SK_Chr_ArmLowerRight_Female_04""',SkeletalMesh'""/Game/Asset/ModularCharacters/ModularParts/SK_Chr_ArmLowerRight_Female_05.SK_Chr_ArmLowerRight_Female_05""',SkeletalMesh'""/Game/Asset/ModularCharacters/ModularParts/SK_Chr_ArmLowerRight_Female_06.SK_Chr_ArmLowerRight_Female_06""',SkeletalMesh'""/Game/Asset/ModularCharacters/ModularParts/SK_Chr_ArmLowerRight_Female_07.SK_Chr_ArmLowerRight_Female_07""',SkeletalMesh'""/Game/Asset/ModularCharacters/ModularParts/SK_Chr_ArmLowerRight_Female_08.SK_Chr_ArmLowerRight_Female_08""',SkeletalMesh'""/Game/Asset/ModularCharacters/ModularParts/SK_Chr_ArmLowerRight_Female_09.SK_Chr_ArmLowerRight_Female_09""',SkeletalMesh'""/Game/Asset/ModularCharacters/ModularParts/SK_Chr_ArmLowerRight_Female_10.SK_Chr_ArmLowerRight_Female_10""',SkeletalMesh'""/Game/Asset/ModularCharacters/ModularParts/SK_Chr_ArmLowerRight_Female_11.SK_Chr_ArmLowerRight_Female_11""',SkeletalMesh'""/Game/Asset/ModularCharacters/ModularParts/SK_Chr_ArmLowerRight_Female_12.SK_Chr_ArmLowerRight_Female_12""',SkeletalMesh'""/Game/Asset/ModularCharacters/ModularParts/SK_Chr_ArmLowerRight_Female_13.SK_Chr_ArmLowerRight_Female_13""',SkeletalMesh'""/Game/Asset/ModularCharacters/ModularParts/SK_Chr_ArmLowerRight_Female_14.SK_Chr_ArmLowerRight_Female_14""',SkeletalMesh'""/Game/Asset/ModularCharacters/ModularParts/SK_Chr_ArmLowerRight_Female_15.SK_Chr_ArmLowerRight_Female_15""',SkeletalMesh'""/Game/Asset/ModularCharacters/ModularParts/SK_Chr_ArmLowerRight_Female_16.SK_Chr_ArmLowerRight_Female_16""',SkeletalMesh'""/Game/Asset/ModularCharacters/ModularParts/SK_Chr_ArmLowerRight_Female_17.SK_Chr_ArmLowerRight_Female_17""',SkeletalMesh'""/Game/Asset/ModularCharacters/ModularParts/SK_Chr_ArmLowerRight_Female_18.SK_Chr_ArmLowerRight_Female_18""')",""
ArmLowerLeft_Male,"ArmLowerLeft_Male","This is male's ArmLowerLeft","(SkeletalMesh'""/Game/Asset/ModularCharacters/ModularParts/SK_Chr_ArmLowerLeft_Male_00.SK_Chr_ArmLowerLeft_Male_00""',SkeletalMesh'""/Game/Asset/ModularCharacters/ModularParts/SK_Chr_ArmLowerLeft_Male_01.SK_Chr_ArmLowerLeft_Male_01""',SkeletalMesh'""/Game/Asset/ModularCharacters/ModularParts/SK_Chr_ArmLowerLeft_Male_02.SK_Chr_ArmLowerLeft_Male_02""',SkeletalMesh'""/Game/Asset/ModularCharacters/ModularParts/SK_Chr_ArmLowerLeft_Male_03.SK_Chr_ArmLowerLeft_Male_03""',SkeletalMesh'""/Game/Asset/ModularCharacters/ModularParts/SK_Chr_ArmLowerLeft_Male_04.SK_Chr_ArmLowerLeft_Male_04""',SkeletalMesh'""/Game/Asset/ModularCharacters/ModularParts/SK_Chr_ArmLowerLeft_Male_05.SK_Chr_ArmLowerLeft_Male_05""',SkeletalMesh'""/Game/Asset/ModularCharacters/ModularParts/SK_Chr_ArmLowerLeft_Male_06.SK_Chr_ArmLowerLeft_Male_06""',SkeletalMesh'""/Game/Asset/ModularCharacters/ModularParts/SK_Chr_ArmLowerLeft_Male_07.SK_Chr_ArmLowerLeft_Male_07""',SkeletalMesh'""/Game/Asset/ModularCharacters/ModularParts/SK_Chr_ArmLowerLeft_Male_08.SK_Chr_ArmLowerLeft_Male_08""',SkeletalMesh'""/Game/Asset/ModularCharacters/ModularParts/SK_Chr_ArmLowerLeft_Male_09.SK_Chr_ArmLowerLeft_Male_09""',SkeletalMesh'""/Game/Asset/ModularCharacters/ModularParts/SK_Chr_ArmLowerLeft_Male_10.SK_Chr_ArmLowerLeft_Male_10""',SkeletalMesh'""/Game/Asset/ModularCharacters/ModularParts/SK_Chr_ArmLowerLeft_Male_11.SK_Chr_ArmLowerLeft_Male_11""',SkeletalMesh'""/Game/Asset/ModularCharacters/ModularParts/SK_Chr_ArmLowerLeft_Male_12.SK_Chr_ArmLowerLeft_Male_12""',SkeletalMesh'""/Game/Asset/ModularCharacters/ModularParts/SK_Chr_ArmLowerLeft_Male_13.SK_Chr_ArmLowerLeft_Male_13""',SkeletalMesh'""/Game/Asset/ModularCharacters/ModularParts/SK_Chr_ArmLowerLeft_Male_14.SK_Chr_ArmLowerLeft_Male_14""',SkeletalMesh'""/Game/Asset/ModularCharacters/ModularParts/SK_Chr_ArmLowerLeft_Male_15.SK_Chr_ArmLowerLeft_Male_15""',SkeletalMesh'""/Game/Asset/ModularCharacters/ModularParts/SK_Chr_ArmLowerLeft_Male_16.SK_Chr_ArmLowerLeft_Male_16""',SkeletalMesh'""/Game/Asset/ModularCharacters/ModularParts/SK_Chr_ArmLowerLeft_Male_17.SK_Chr_ArmLowerLeft_Male_17""',SkeletalMesh'""/Game/Asset/ModularCharacters/ModularParts/SK_Chr_ArmLowerLeft_Male_18.SK_Chr_ArmLowerLeft_Male_18""')",""
ArmLowerLeft_Female,"ArmLowerLeft_Female","This is Female's ArmLowerRight","(SkeletalMesh'""/Game/Asset/ModularCharacters/ModularParts/SK_Chr_ArmLowerLeft_Female_00.SK_Chr_ArmLowerLeft_Female_00""',SkeletalMesh'""/Game/Asset/ModularCharacters/ModularParts/SK_Chr_ArmLowerLeft_Female_01.SK_Chr_ArmLowerLeft_Female_01""',SkeletalMesh'""/Game/Asset/ModularCharacters/ModularParts/SK_Chr_ArmLowerLeft_Female_02.SK_Chr_ArmLowerLeft_Female_02""',SkeletalMesh'""/Game/Asset/ModularCharacters/ModularParts/SK_Chr_ArmLowerLeft_Female_03.SK_Chr_ArmLowerLeft_Female_03""',SkeletalMesh'""/Game/Asset/ModularCharacters/ModularParts/SK_Chr_ArmLowerLeft_Female_04.SK_Chr_ArmLowerLeft_Female_04""',SkeletalMesh'""/Game/Asset/ModularCharacters/ModularParts/SK_Chr_ArmLowerLeft_Female_05.SK_Chr_ArmLowerLeft_Female_05""',SkeletalMesh'""/Game/Asset/ModularCharacters/ModularParts/SK_Chr_ArmLowerLeft_Female_06.SK_Chr_ArmLowerLeft_Female_06""',SkeletalMesh'""/Game/Asset/ModularCharacters/ModularParts/SK_Chr_ArmLowerLeft_Female_07.SK_Chr_ArmLowerLeft_Female_07""',SkeletalMesh'""/Game/Asset/ModularCharacters/ModularParts/SK_Chr_ArmLowerLeft_Female_08.SK_Chr_ArmLowerLeft_Female_08""',SkeletalMesh'""/Game/Asset/ModularCharacters/ModularParts/SK_Chr_ArmLowerLeft_Female_09.SK_Chr_ArmLowerLeft_Female_09""',SkeletalMesh'""/Game/Asset/ModularCharacters/ModularParts/SK_Chr_ArmLowerLeft_Female_10.SK_Chr_ArmLowerLeft_Female_10""',SkeletalMesh'""/Game/Asset/ModularCharacters/ModularParts/SK_Chr_ArmLowerLeft_Female_11.SK_Chr_ArmLowerLeft_Female_11""',SkeletalMesh'""/Game/Asset/ModularCharacters/ModularParts/SK_Chr_ArmLowerLeft_Female_12.SK_Chr_ArmLowerLeft_Female_12""',SkeletalMesh'""/Game/Asset/ModularCharacters/ModularParts/SK_Chr_ArmLowerLeft_Female_13.SK_Chr_ArmLowerLeft_Female_13""',SkeletalMesh'""/Game/Asset/ModularCharacters/ModularParts/SK_Chr_ArmLowerLeft_Female_14.SK_Chr_ArmLowerLeft_Female_14""',SkeletalMesh'""/Game/Asset/ModularCharacters/ModularParts/SK_Chr_ArmLowerLeft_Female_15.SK_Chr_ArmLowerLeft_Female_15""',SkeletalMesh'""/Game/Asset/ModularCharacters/ModularParts/SK_Chr_ArmLowerLeft_Female_16.SK_Chr_ArmLowerLeft_Female_16""',SkeletalMesh'""/Game/Asset/ModularCharacters/ModularParts/SK_Chr_ArmLowerLeft_Female_17.SK_Chr_ArmLowerLeft_Female_17""',SkeletalMesh'""/Game/Asset/ModularCharacters/ModularParts/SK_Chr_ArmLowerLeft_Female_18.SK_Chr_ArmLowerLeft_Female_18""')",""
HandLeft_Male,"HandLeft_Male","This is male's HandLeft","(SkeletalMesh'""/Game/Asset/ModularCharacters/ModularParts/SK_Chr_HandLeft_Male_00.SK_Chr_HandLeft_Male_00""',SkeletalMesh'""/Game/Asset/ModularCharacters/ModularParts/SK_Chr_HandLeft_Male_01.SK_Chr_HandLeft_Male_01""',SkeletalMesh'""/Game/Asset/ModularCharacters/ModularParts/SK_Chr_HandLeft_Male_02.SK_Chr_HandLeft_Male_02""',SkeletalMesh'""/Game/Asset/ModularCharacters/ModularParts/SK_Chr_HandLeft_Male_03.SK_Chr_HandLeft_Male_03""',SkeletalMesh'""/Game/Asset/ModularCharacters/ModularParts/SK_Chr_HandLeft_Male_04.SK_Chr_HandLeft_Male_04""',SkeletalMesh'""/Game/Asset/ModularCharacters/ModularParts/SK_Chr_HandLeft_Male_05.SK_Chr_HandLeft_Male_05""',SkeletalMesh'""/Game/Asset/ModularCharacters/ModularParts/SK_Chr_HandLeft_Male_06.SK_Chr_HandLeft_Male_06""',SkeletalMesh'""/Game/Asset/ModularCharacters/ModularParts/SK_Chr_HandLeft_Male_07.SK_Chr_HandLeft_Male_07""',SkeletalMesh'""/Game/Asset/ModularCharacters/ModularParts/SK_Chr_HandLeft_Male_08.SK_Chr_HandLeft_Male_08""',SkeletalMesh'""/Game/Asset/ModularCharacters/ModularParts/SK_Chr_HandLeft_Male_09.SK_Chr_HandLeft_Male_09""',SkeletalMesh'""/Game/Asset/ModularCharacters/ModularParts/SK_Chr_HandLeft_Male_10.SK_Chr_HandLeft_Male_10""',SkeletalMesh'""/Game/Asset/ModularCharacters/ModularParts/SK_Chr_HandLeft_Male_11.SK_Chr_HandLeft_Male_11""',SkeletalMesh'""/Game/Asset/ModularCharacters/ModularParts/SK_Chr_HandLeft_Male_12.SK_Chr_HandLeft_Male_12""',SkeletalMesh'""/Game/Asset/ModularCharacters/ModularParts/SK_Chr_HandLeft_Male_13.SK_Chr_HandLeft_Male_13""',SkeletalMesh'""/Game/Asset/ModularCharacters/ModularParts/SK_Chr_HandLeft_Male_14.SK_Chr_HandLeft_Male_14""',SkeletalMesh'""/Game/Asset/ModularCharacters/ModularParts/SK_Chr_HandLeft_Male_15.SK_Chr_HandLeft_Male_15""',SkeletalMesh'""/Game/Asset/ModularCharacters/ModularParts/SK_Chr_HandLeft_Male_16.SK_Chr_HandLeft_Male_16""',SkeletalMesh'""/Game/Asset/ModularCharacters/ModularParts/SK_Chr_HandLeft_Male_17.SK_Chr_HandLeft_Male_17""')",""
HandLeft_Female,"HandLeft_Female","This is female's HandLeft","(SkeletalMesh'""/Game/Asset/ModularCharacters/ModularParts/SK_Chr_HandLeft_Female_00.SK_Chr_HandLeft_Female_00""',SkeletalMesh'""/Game/Asset/ModularCharacters/ModularParts/SK_Chr_HandLeft_Female_01.SK_Chr_HandLeft_Female_01""',SkeletalMesh'""/Game/Asset/ModularCharacters/ModularParts/SK_Chr_HandLeft_Female_02.SK_Chr_HandLeft_Female_02""',SkeletalMesh'""/Game/Asset/ModularCharacters/ModularParts/SK_Chr_HandLeft_Female_03.SK_Chr_HandLeft_Female_03""',SkeletalMesh'""/Game/Asset/ModularCharacters/ModularParts/SK_Chr_HandLeft_Female_04.SK_Chr_HandLeft_Female_04""',SkeletalMesh'""/Game/Asset/ModularCharacters/ModularParts/SK_Chr_HandLeft_Female_05.SK_Chr_HandLeft_Female_05""',SkeletalMesh'""/Game/Asset/ModularCharacters/ModularParts/SK_Chr_HandLeft_Female_06.SK_Chr_HandLeft_Female_06""',SkeletalMesh'""/Game/Asset/ModularCharacters/ModularParts/SK_Chr_HandLeft_Female_07.SK_Chr_HandLeft_Female_07""',SkeletalMesh'""/Game/Asset/ModularCharacters/ModularParts/SK_Chr_HandLeft_Female_08.SK_Chr_HandLeft_Female_08""',SkeletalMesh'""/Game/Asset/ModularCharacters/ModularParts/SK_Chr_HandLeft_Female_09.SK_Chr_HandLeft_Female_09""',SkeletalMesh'""/Game/Asset/ModularCharacters/ModularParts/SK_Chr_HandLeft_Female_10.SK_Chr_HandLeft_Female_10""',SkeletalMesh'""/Game/Asset/ModularCharacters/ModularParts/SK_Chr_HandLeft_Female_11.SK_Chr_HandLeft_Female_11""',SkeletalMesh'""/Game/Asset/ModularCharacters/ModularParts/SK_Chr_HandLeft_Female_12.SK_Chr_HandLeft_Female_12""',SkeletalMesh'""/Game/Asset/ModularCharacters/ModularParts/SK_Chr_HandLeft_Female_13.SK_Chr_HandLeft_Female_13""',SkeletalMesh'""/Game/Asset/ModularCharacters/ModularParts/SK_Chr_HandLeft_Female_14.SK_Chr_HandLeft_Female_14""',SkeletalMesh'""/Game/Asset/ModularCharacters/ModularParts/SK_Chr_HandLeft_Female_15.SK_Chr_HandLeft_Female_15""',SkeletalMesh'""/Game/Asset/ModularCharacters/ModularParts/SK_Chr_HandLeft_Female_16.SK_Chr_HandLeft_Female_16""',SkeletalMesh'""/Game/Asset/ModularCharacters/ModularParts/SK_Chr_HandLeft_Female_17.SK_Chr_HandLeft_Female_17""')",""
HandRight_Male,"HandRight_Male","This is male's HandRight","(SkeletalMesh'""/Game/Asset/ModularCharacters/ModularParts/SK_Chr_HandRight_Male_00.SK_Chr_HandRight_Male_00""',SkeletalMesh'""/Game/Asset/ModularCharacters/ModularParts/SK_Chr_HandRight_Male_01.SK_Chr_HandRight_Male_01""',SkeletalMesh'""/Game/Asset/ModularCharacters/ModularParts/SK_Chr_HandRight_Male_02.SK_Chr_HandRight_Male_02""',SkeletalMesh'""/Game/Asset/ModularCharacters/ModularParts/SK_Chr_HandRight_Male_03.SK_Chr_HandRight_Male_03""',SkeletalMesh'""/Game/Asset/ModularCharacters/ModularParts/SK_Chr_HandRight_Male_04.SK_Chr_HandRight_Male_04""',SkeletalMesh'""/Game/Asset/ModularCharacters/ModularParts/SK_Chr_HandRight_Male_05.SK_Chr_HandRight_Male_05""',SkeletalMesh'""/Game/Asset/ModularCharacters/ModularParts/SK_Chr_HandRight_Male_06.SK_Chr_HandRight_Male_06""',SkeletalMesh'""/Game/Asset/ModularCharacters/ModularParts/SK_Chr_HandRight_Male_07.SK_Chr_HandRight_Male_07""',SkeletalMesh'""/Game/Asset/ModularCharacters/ModularParts/SK_Chr_HandRight_Male_08.SK_Chr_HandRight_Male_08""',SkeletalMesh'""/Game/Asset/ModularCharacters/ModularParts/SK_Chr_HandRight_Male_09.SK_Chr_HandRight_Male_09""',SkeletalMesh'""/Game/Asset/ModularCharacters/ModularParts/SK_Chr_HandRight_Male_10.SK_Chr_HandRight_Male_10""',SkeletalMesh'""/Game/Asset/ModularCharacters/ModularParts/SK_Chr_HandRight_Male_11.SK_Chr_HandRight_Male_11""',SkeletalMesh'""/Game/Asset/ModularCharacters/ModularParts/SK_Chr_HandRight_Male_12.SK_Chr_HandRight_Male_12""',SkeletalMesh'""/Game/Asset/ModularCharacters/ModularParts/SK_Chr_HandRight_Male_13.SK_Chr_HandRight_Male_13""',SkeletalMesh'""/Game/Asset/ModularCharacters/ModularParts/SK_Chr_HandRight_Male_14.SK_Chr_HandRight_Male_14""',SkeletalMesh'""/Game/Asset/ModularCharacters/ModularParts/SK_Chr_HandRight_Male_15.SK_Chr_HandRight_Male_15""',SkeletalMesh'""/Game/Asset/ModularCharacters/ModularParts/SK_Chr_HandRight_Male_16.SK_Chr_HandRight_Male_16""',SkeletalMesh'""/Game/Asset/ModularCharacters/ModularParts/SK_Chr_HandRight_Male_17.SK_Chr_HandRight_Male_17""')",""
HandRight_Female,"HandRight_Female","This is female's HandRight","(SkeletalMesh'""/Game/Asset/ModularCharacters/ModularParts/SK_Chr_HandRight_Female_00.SK_Chr_HandRight_Female_00""',SkeletalMesh'""/Game/Asset/ModularCharacters/ModularParts/SK_Chr_HandRight_Female_01.SK_Chr_HandRight_Female_01""',SkeletalMesh'""/Game/Asset/ModularCharacters/ModularParts/SK_Chr_HandRight_Female_02.SK_Chr_HandRight_Female_02""',SkeletalMesh'""/Game/Asset/ModularCharacters/ModularParts/SK_Chr_HandRight_Female_03.SK_Chr_HandRight_Female_03""',SkeletalMesh'""/Game/Asset/ModularCharacters/ModularParts/SK_Chr_HandRight_Female_04.SK_Chr_HandRight_Female_04""',SkeletalMesh'""/Game/Asset/ModularCharacters/ModularParts/SK_Chr_HandRight_Female_05.SK_Chr_HandRight_Female_05""',SkeletalMesh'""/Game/Asset/ModularCharacters/ModularParts/SK_Chr_HandRight_Female_06.SK_Chr_HandRight_Female_06""',SkeletalMesh'""/Game/Asset/ModularCharacters/ModularParts/SK_Chr_HandRight_Female_07.SK_Chr_HandRight_Female_07""',SkeletalMesh'""/Game/Asset/ModularCharacters/ModularParts/SK_Chr_HandRight_Female_08.SK_Chr_HandRight_Female_08""',SkeletalMesh'""/Game/Asset/ModularCharacters/ModularParts/SK_Chr_HandRight_Female_09.SK_Chr_HandRight_Female_09""',SkeletalMesh'""/Game/Asset/ModularCharacters/ModularParts/SK_Chr_HandRight_Female_10.SK_Chr_HandRight_Female_10""',SkeletalMesh'""/Game/Asset/ModularCharacters/ModularParts/SK_Chr_HandRight_Female_11.SK_Chr_HandRight_Female_11""',SkeletalMesh'""/Game/Asset/ModularCharacters/ModularParts/SK_Chr_HandRight_Female_12.SK_Chr_HandRight_Female_12""',SkeletalMesh'""/Game/Asset/ModularCharacters/ModularParts/SK_Chr_HandRight_Female_13.SK_Chr_HandRight_Female_13""',SkeletalMesh'""/Game/Asset/ModularCharacters/ModularParts/SK_Chr_HandRight_Female_14.SK_Chr_HandRight_Female_14""',SkeletalMesh'""/Game/Asset/ModularCharacters/ModularParts/SK_Chr_HandRight_Female_15.SK_Chr_HandRight_Female_15""',SkeletalMesh'""/Game/Asset/ModularCharacters/ModularParts/SK_Chr_HandRight_Female_16.SK_Chr_HandRight_Female_16""',SkeletalMesh'""/Game/Asset/ModularCharacters/ModularParts/SK_Chr_HandRight_Female_17.SK_Chr_HandRight_Female_17""')",""
Hips_Male,"Hips_Male","This is male's Hips","(SkeletalMesh'""/Game/Asset/ModularCharacters/ModularParts/SK_Chr_Hips_Male_00.SK_Chr_Hips_Male_00""',SkeletalMesh'""/Game/Asset/ModularCharacters/ModularParts/SK_Chr_Hips_Male_01.SK_Chr_Hips_Male_01""',SkeletalMesh'""/Game/Asset/ModularCharacters/ModularParts/SK_Chr_Hips_Male_02.SK_Chr_Hips_Male_02""',SkeletalMesh'""/Game/Asset/ModularCharacters/ModularParts/SK_Chr_Hips_Male_03.SK_Chr_Hips_Male_03""',SkeletalMesh'""/Game/Asset/ModularCharacters/ModularParts/SK_Chr_Hips_Male_04.SK_Chr_Hips_Male_04""',SkeletalMesh'""/Game/Asset/ModularCharacters/ModularParts/SK_Chr_Hips_Male_05.SK_Chr_Hips_Male_05""',SkeletalMesh'""/Game/Asset/ModularCharacters/ModularParts/SK_Chr_Hips_Male_06.SK_Chr_Hips_Male_06""',SkeletalMesh'""/Game/Asset/ModularCharacters/ModularParts/SK_Chr_Hips_Male_07.SK_Chr_Hips_Male_07""',SkeletalMesh'""/Game/Asset/ModularCharacters/ModularParts/SK_Chr_Hips_Male_08.SK_Chr_Hips_Male_08""',SkeletalMesh'""/Game/Asset/ModularCharacters/ModularParts/SK_Chr_Hips_Male_09.SK_Chr_Hips_Male_09""',SkeletalMesh'""/Game/Asset/ModularCharacters/ModularParts/SK_Chr_Hips_Male_10.SK_Chr_Hips_Male_10""',SkeletalMesh'""/Game/Asset/ModularCharacters/ModularParts/SK_Chr_Hips_Male_11.SK_Chr_Hips_Male_11""',SkeletalMesh'""/Game/Asset/ModularCharacters/ModularParts/SK_Chr_Hips_Male_12.SK_Chr_Hips_Male_12""',SkeletalMesh'""/Game/Asset/ModularCharacters/ModularParts/SK_Chr_Hips_Male_13.SK_Chr_Hips_Male_13""',SkeletalMesh'""/Game/Asset/ModularCharacters/ModularParts/SK_Chr_Hips_Male_14.SK_Chr_Hips_Male_14""',SkeletalMesh'""/Game/Asset/ModularCharacters/ModularParts/SK_Chr_Hips_Male_15.SK_Chr_Hips_Male_15""',SkeletalMesh'""/Game/Asset/ModularCharacters/ModularParts/SK_Chr_Hips_Male_16.SK_Chr_Hips_Male_16""',SkeletalMesh'""/Game/Asset/ModularCharacters/ModularParts/SK_Chr_Hips_Male_17.SK_Chr_Hips_Male_17""',SkeletalMesh'""/Game/Asset/ModularCharacters/ModularParts/SK_Chr_Hips_Male_18.SK_Chr_Hips_Male_18""',SkeletalMesh'""/Game/Asset/ModularCharacters/ModularParts/SK_Chr_Hips_Male_19.SK_Chr_Hips_Male_19""',SkeletalMesh'""/Game/Asset/ModularCharacters/ModularParts/SK_Chr_Hips_Male_20.SK_Chr_Hips_Male_20""',SkeletalMesh'""/Game/Asset/ModularCharacters/ModularParts/SK_Chr_Hips_Male_21.SK_Chr_Hips_Male_21""',SkeletalMesh'""/Game/Asset/ModularCharacters/ModularParts/SK_Chr_Hips_Male_22.SK_Chr_Hips_Male_22""',SkeletalMesh'""/Game/Asset/ModularCharacters/ModularParts/SK_Chr_Hips_Male_23.SK_Chr_Hips_Male_23""',SkeletalMesh'""/Game/Asset/ModularCharacters/ModularParts/SK_Chr_Hips_Male_24.SK_Chr_Hips_Male_24""',SkeletalMesh'""/Game/Asset/ModularCharacters/ModularParts/SK_Chr_Hips_Male_25.SK_Chr_Hips_Male_25""',SkeletalMesh'""/Game/Asset/ModularCharacters/ModularParts/SK_Chr_Hips_Male_26.SK_Chr_Hips_Male_26""',SkeletalMesh'""/Game/Asset/ModularCharacters/ModularParts/SK_Chr_Hips_Male_27.SK_Chr_Hips_Male_27""',SkeletalMesh'""/Game/Asset/ModularCharacters/ModularParts/SK_Chr_Hips_Male_28.SK_Chr_Hips_Male_28""')",""
Hips_Female,"Hips_Female","This is female's Hips","(SkeletalMesh'""/Game/Asset/ModularCharacters/ModularParts/SK_Chr_Hips_Female_00.SK_Chr_Hips_Female_00""',SkeletalMesh'""/Game/Asset/ModularCharacters/ModularParts/SK_Chr_Hips_Female_01.SK_Chr_Hips_Female_01""',SkeletalMesh'""/Game/Asset/ModularCharacters/ModularParts/SK_Chr_Hips_Female_02.SK_Chr_Hips_Female_02""',SkeletalMesh'""/Game/Asset/ModularCharacters/ModularParts/SK_Chr_Hips_Female_03.SK_Chr_Hips_Female_03""',SkeletalMesh'""/Game/Asset/ModularCharacters/ModularParts/SK_Chr_Hips_Female_04.SK_Chr_Hips_Female_04""',SkeletalMesh'""/Game/Asset/ModularCharacters/ModularParts/SK_Chr_Hips_Female_05.SK_Chr_Hips_Female_05""',SkeletalMesh'""/Game/Asset/ModularCharacters/ModularParts/SK_Chr_Hips_Female_06.SK_Chr_Hips_Female_06""',SkeletalMesh'""/Game/Asset/ModularCharacters/ModularParts/SK_Chr_Hips_Female_07.SK_Chr_Hips_Female_07""',SkeletalMesh'""/Game/Asset/ModularCharacters/ModularParts/SK_Chr_Hips_Female_08.SK_Chr_Hips_Female_08""',SkeletalMesh'""/Game/Asset/ModularCharacters/ModularParts/SK_Chr_Hips_Female_09.SK_Chr_Hips_Female_09""',SkeletalMesh'""/Game/Asset/ModularCharacters/ModularParts/SK_Chr_Hips_Female_10.SK_Chr_Hips_Female_10""',SkeletalMesh'""/Game/Asset/ModularCharacters/ModularParts/SK_Chr_Hips_Female_11.SK_Chr_Hips_Female_11""',SkeletalMesh'""/Game/Asset/ModularCharacters/ModularParts/SK_Chr_Hips_Female_12.SK_Chr_Hips_Female_12""',SkeletalMesh'""/Game/Asset/ModularCharacters/ModularParts/SK_Chr_Hips_Female_13.SK_Chr_Hips_Female_13""',SkeletalMesh'""/Game/Asset/ModularCharacters/ModularParts/SK_Chr_Hips_Female_14.SK_Chr_Hips_Female_14""',SkeletalMesh'""/Game/Asset/ModularCharacters/ModularParts/SK_Chr_Hips_Female_15.SK_Chr_Hips_Female_15""',SkeletalMesh'""/Game/Asset/ModularCharacters/ModularParts/SK_Chr_Hips_Female_16.SK_Chr_Hips_Female_16""',SkeletalMesh'""/Game/Asset/ModularCharacters/ModularParts/SK_Chr_Hips_Female_17.SK_Chr_Hips_Female_17""',SkeletalMesh'""/Game/Asset/ModularCharacters/ModularParts/SK_Chr_Hips_Female_18.SK_Chr_Hips_Female_18""',SkeletalMesh'""/Game/Asset/ModularCharacters/ModularParts/SK_Chr_Hips_Female_19.SK_Chr_Hips_Female_19""',SkeletalMesh'""/Game/Asset/ModularCharacters/ModularParts/SK_Chr_Hips_Female_20.SK_Chr_Hips_Female_20""',SkeletalMesh'""/Game/Asset/ModularCharacters/ModularParts/SK_Chr_Hips_Female_21.SK_Chr_Hips_Female_21""',SkeletalMesh'""/Game/Asset/ModularCharacters/ModularParts/SK_Chr_Hips_Female_22.SK_Chr_Hips_Female_22""',SkeletalMesh'""/Game/Asset/ModularCharacters/ModularParts/SK_Chr_Hips_Female_23.SK_Chr_Hips_Female_23""',SkeletalMesh'""/Game/Asset/ModularCharacters/ModularParts/SK_Chr_Hips_Female_24.SK_Chr_Hips_Female_24""',SkeletalMesh'""/Game/Asset/ModularCharacters/ModularParts/SK_Chr_Hips_Female_25.SK_Chr_Hips_Female_25""',SkeletalMesh'""/Game/Asset/ModularCharacters/ModularParts/SK_Chr_Hips_Female_26.SK_Chr_Hips_Female_26""',SkeletalMesh'""/Game/Asset/ModularCharacters/ModularParts/SK_Chr_Hips_Female_27.SK_Chr_Hips_Female_27""',SkeletalMesh'""/Game/Asset/ModularCharacters/ModularParts/SK_Chr_Hips_Female_28.SK_Chr_Hips_Female_28""')",""
LegRight_Male,"LegRight_Male","This is male's LegRight","(SkeletalMesh'""/Game/Asset/ModularCharacters/ModularParts/SK_Chr_LegRight_Male_00.SK_Chr_LegRight_Male_00""',SkeletalMesh'""/Game/Asset/ModularCharacters/ModularParts/SK_Chr_LegRight_Male_01.SK_Chr_LegRight_Male_01""',SkeletalMesh'""/Game/Asset/ModularCharacters/ModularParts/SK_Chr_LegRight_Male_02.SK_Chr_LegRight_Male_02""',SkeletalMesh'""/Game/Asset/ModularCharacters/ModularParts/SK_Chr_LegRight_Male_03.SK_Chr_LegRight_Male_03""',SkeletalMesh'""/Game/Asset/ModularCharacters/ModularParts/SK_Chr_LegRight_Male_04.SK_Chr_LegRight_Male_04""',SkeletalMesh'""/Game/Asset/ModularCharacters/ModularParts/SK_Chr_LegRight_Male_05.SK_Chr_LegRight_Male_05""',SkeletalMesh'""/Game/Asset/ModularCharacters/ModularParts/SK_Chr_LegRight_Male_06.SK_Chr_LegRight_Male_06""',SkeletalMesh'""/Game/Asset/ModularCharacters/ModularParts/SK_Chr_LegRight_Male_07.SK_Chr_LegRight_Male_07""',SkeletalMesh'""/Game/Asset/ModularCharacters/ModularParts/SK_Chr_LegRight_Male_08.SK_Chr_LegRight_Male_08""',SkeletalMesh'""/Game/Asset/ModularCharacters/ModularParts/SK_Chr_LegRight_Male_09.SK_Chr_LegRight_Male_09""',SkeletalMesh'""/Game/Asset/ModularCharacters/ModularParts/SK_Chr_LegRight_Male_10.SK_Chr_LegRight_Male_10""',SkeletalMesh'""/Game/Asset/ModularCharacters/ModularParts/SK_Chr_LegRight_Male_11.SK_Chr_LegRight_Male_11""',SkeletalMesh'""/Game/Asset/ModularCharacters/ModularParts/SK_Chr_LegRight_Male_12.SK_Chr_LegRight_Male_12""',SkeletalMesh'""/Game/Asset/ModularCharacters/ModularParts/SK_Chr_LegRight_Male_13.SK_Chr_LegRight_Male_13""',SkeletalMesh'""/Game/Asset/ModularCharacters/ModularParts/SK_Chr_LegRight_Male_14.SK_Chr_LegRight_Male_14""',SkeletalMesh'""/Game/Asset/ModularCharacters/ModularParts/SK_Chr_LegRight_Male_15.SK_Chr_LegRight_Male_15""',SkeletalMesh'""/Game/Asset/ModularCharacters/ModularParts/SK_Chr_LegRight_Male_16.SK_Chr_LegRight_Male_16""',SkeletalMesh'""/Game/Asset/ModularCharacters/ModularParts/SK_Chr_LegRight_Male_17.SK_Chr_LegRight_Male_17""',SkeletalMesh'""/Game/Asset/ModularCharacters/ModularParts/SK_Chr_LegRight_Male_18.SK_Chr_LegRight_Male_18""',SkeletalMesh'""/Game/Asset/ModularCharacters/ModularParts/SK_Chr_LegRight_Male_19.SK_Chr_LegRight_Male_19""')",""
LegRight_Female,"LegRightt_Female","This is female's LegRight","(SkeletalMesh'""/Game/Asset/ModularCharacters/ModularParts/SK_Chr_LegRight_Female_00.SK_Chr_LegRight_Female_00""',SkeletalMesh'""/Game/Asset/ModularCharacters/ModularParts/SK_Chr_LegRight_Female_01.SK_Chr_LegRight_Female_01""',SkeletalMesh'""/Game/Asset/ModularCharacters/ModularParts/SK_Chr_LegRight_Female_02.SK_Chr_LegRight_Female_02""',SkeletalMesh'""/Game/Asset/ModularCharacters/ModularParts/SK_Chr_LegRight_Female_03.SK_Chr_LegRight_Female_03""',SkeletalMesh'""/Game/Asset/ModularCharacters/ModularParts/SK_Chr_LegRight_Female_04.SK_Chr_LegRight_Female_04""',SkeletalMesh'""/Game/Asset/ModularCharacters/ModularParts/SK_Chr_LegRight_Female_05.SK_Chr_LegRight_Female_05""',SkeletalMesh'""/Game/Asset/ModularCharacters/ModularParts/SK_Chr_LegRight_Female_06.SK_Chr_LegRight_Female_06""',SkeletalMesh'""/Game/Asset/ModularCharacters/ModularParts/SK_Chr_LegRight_Female_07.SK_Chr_LegRight_Female_07""',SkeletalMesh'""/Game/Asset/ModularCharacters/ModularParts/SK_Chr_LegRight_Female_08.SK_Chr_LegRight_Female_08""',SkeletalMesh'""/Game/Asset/ModularCharacters/ModularParts/SK_Chr_LegRight_Female_09.SK_Chr_LegRight_Female_09""',SkeletalMesh'""/Game/Asset/ModularCharacters/ModularParts/SK_Chr_LegRight_Female_10.SK_Chr_LegRight_Female_10""',SkeletalMesh'""/Game/Asset/ModularCharacters/ModularParts/SK_Chr_LegRight_Female_11.SK_Chr_LegRight_Female_11""',SkeletalMesh'""/Game/Asset/ModularCharacters/ModularParts/SK_Chr_LegRight_Female_12.SK_Chr_LegRight_Female_12""',SkeletalMesh'""/Game/Asset/ModularCharacters/ModularParts/SK_Chr_LegRight_Female_13.SK_Chr_LegRight_Female_13""',SkeletalMesh'""/Game/Asset/ModularCharacters/ModularParts/SK_Chr_LegRight_Female_14.SK_Chr_LegRight_Female_14""',SkeletalMesh'""/Game/Asset/ModularCharacters/ModularParts/SK_Chr_LegRight_Female_15.SK_Chr_LegRight_Female_15""',SkeletalMesh'""/Game/Asset/ModularCharacters/ModularParts/SK_Chr_LegRight_Female_16.SK_Chr_LegRight_Female_16""',SkeletalMesh'""/Game/Asset/ModularCharacters/ModularParts/SK_Chr_LegRight_Female_17.SK_Chr_LegRight_Female_17""',SkeletalMesh'""/Game/Asset/ModularCharacters/ModularParts/SK_Chr_LegRight_Female_18.SK_Chr_LegRight_Female_18""',SkeletalMesh'""/Game/Asset/ModularCharacters/ModularParts/SK_Chr_LegRight_Female_19.SK_Chr_LegRight_Female_19""')",""
LegLeft_Male,"LegLeft_Male","This is male's LegLeft","(SkeletalMesh'""/Game/Asset/ModularCharacters/ModularParts/SK_Chr_LegLeft_Male_00.SK_Chr_LegLeft_Male_00""',SkeletalMesh'""/Game/Asset/ModularCharacters/ModularParts/SK_Chr_LegLeft_Male_01.SK_Chr_LegLeft_Male_01""',SkeletalMesh'""/Game/Asset/ModularCharacters/ModularParts/SK_Chr_LegLeft_Male_02.SK_Chr_LegLeft_Male_02""',SkeletalMesh'""/Game/Asset/ModularCharacters/ModularParts/SK_Chr_LegLeft_Male_03.SK_Chr_LegLeft_Male_03""',SkeletalMesh'""/Game/Asset/ModularCharacters/ModularParts/SK_Chr_LegLeft_Male_04.SK_Chr_LegLeft_Male_04""',SkeletalMesh'""/Game/Asset/ModularCharacters/ModularParts/SK_Chr_LegLeft_Male_05.SK_Chr_LegLeft_Male_05""',SkeletalMesh'""/Game/Asset/ModularCharacters/ModularParts/SK_Chr_LegLeft_Male_06.SK_Chr_LegLeft_Male_06""',SkeletalMesh'""/Game/Asset/ModularCharacters/ModularParts/SK_Chr_LegLeft_Male_07.SK_Chr_LegLeft_Male_07""',SkeletalMesh'""/Game/Asset/ModularCharacters/ModularParts/SK_Chr_LegLeft_Male_08.SK_Chr_LegLeft_Male_08""',SkeletalMesh'""/Game/Asset/ModularCharacters/ModularParts/SK_Chr_LegLeft_Male_09.SK_Chr_LegLeft_Male_09""',SkeletalMesh'""/Game/Asset/ModularCharacters/ModularParts/SK_Chr_LegLeft_Male_10.SK_Chr_LegLeft_Male_10""',SkeletalMesh'""/Game/Asset/ModularCharacters/ModularParts/SK_Chr_LegLeft_Male_11.SK_Chr_LegLeft_Male_11""',SkeletalMesh'""/Game/Asset/ModularCharacters/ModularParts/SK_Chr_LegLeft_Male_12.SK_Chr_LegLeft_Male_12""',SkeletalMesh'""/Game/Asset/ModularCharacters/ModularParts/SK_Chr_LegLeft_Male_13.SK_Chr_LegLeft_Male_13""',SkeletalMesh'""/Game/Asset/ModularCharacters/ModularParts/SK_Chr_LegLeft_Male_14.SK_Chr_LegLeft_Male_14""',SkeletalMesh'""/Game/Asset/ModularCharacters/ModularParts/SK_Chr_LegLeft_Male_15.SK_Chr_LegLeft_Male_15""',SkeletalMesh'""/Game/Asset/ModularCharacters/ModularParts/SK_Chr_LegLeft_Male_16.SK_Chr_LegLeft_Male_16""',SkeletalMesh'""/Game/Asset/ModularCharacters/ModularParts/SK_Chr_LegLeft_Male_17.SK_Chr_LegLeft_Male_17""',SkeletalMesh'""/Game/Asset/ModularCharacters/ModularParts/SK_Chr_LegLeft_Male_18.SK_Chr_LegLeft_Male_18""',SkeletalMesh'""/Game/Asset/ModularCharacters/ModularParts/SK_Chr_LegLeft_Male_19.SK_Chr_LegLeft_Male_19""')",""
LegLeft_Female,"LegLeft_Female","This is male's LegLeft","(SkeletalMesh'""/Game/Asset/ModularCharacters/ModularParts/SK_Chr_LegLeft_Female_00.SK_Chr_LegLeft_Female_00""',SkeletalMesh'""/Game/Asset/ModularCharacters/ModularParts/SK_Chr_LegLeft_Female_01.SK_Chr_LegLeft_Female_01""',SkeletalMesh'""/Game/Asset/ModularCharacters/ModularParts/SK_Chr_LegLeft_Female_02.SK_Chr_LegLeft_Female_02""',SkeletalMesh'""/Game/Asset/ModularCharacters/ModularParts/SK_Chr_LegLeft_Female_03.SK_Chr_LegLeft_Female_03""',SkeletalMesh'""/Game/Asset/ModularCharacters/ModularParts/SK_Chr_LegLeft_Female_04.SK_Chr_LegLeft_Female_04""',SkeletalMesh'""/Game/Asset/ModularCharacters/ModularParts/SK_Chr_LegLeft_Female_05.SK_Chr_LegLeft_Female_05""',SkeletalMesh'""/Game/Asset/ModularCharacters/ModularParts/SK_Chr_LegLeft_Female_06.SK_Chr_LegLeft_Female_06""',SkeletalMesh'""/Game/Asset/ModularCharacters/ModularParts/SK_Chr_LegLeft_Female_07.SK_Chr_LegLeft_Female_07""',SkeletalMesh'""/Game/Asset/ModularCharacters/ModularParts/SK_Chr_LegLeft_Female_08.SK_Chr_LegLeft_Female_08""',SkeletalMesh'""/Game/Asset/ModularCharacters/ModularParts/SK_Chr_LegLeft_Female_09.SK_Chr_LegLeft_Female_09""',SkeletalMesh'""/Game/Asset/ModularCharacters/ModularParts/SK_Chr_LegLeft_Female_10.SK_Chr_LegLeft_Female_10""',SkeletalMesh'""/Game/Asset/ModularCharacters/ModularParts/SK_Chr_LegLeft_Female_11.SK_Chr_LegLeft_Female_11""',SkeletalMesh'""/Game/Asset/ModularCharacters/ModularParts/SK_Chr_LegLeft_Female_12.SK_Chr_LegLeft_Female_12""',SkeletalMesh'""/Game/Asset/ModularCharacters/ModularParts/SK_Chr_LegLeft_Female_13.SK_Chr_LegLeft_Female_13""',SkeletalMesh'""/Game/Asset/ModularCharacters/ModularParts/SK_Chr_LegLeft_Female_14.SK_Chr_LegLeft_Female_14""',SkeletalMesh'""/Game/Asset/ModularCharacters/ModularParts/SK_Chr_LegLeft_Female_15.SK_Chr_LegLeft_Female_15""',SkeletalMesh'""/Game/Asset/ModularCharacters/ModularParts/SK_Chr_LegLeft_Female_16.SK_Chr_LegLeft_Female_16""',SkeletalMesh'""/Game/Asset/ModularCharacters/ModularParts/SK_Chr_LegLeft_Female_17.SK_Chr_LegLeft_Female_17""',SkeletalMesh'""/Game/Asset/ModularCharacters/ModularParts/SK_Chr_LegLeft_Female_18.SK_Chr_LegLeft_Female_18""',SkeletalMesh'""/Game/Asset/ModularCharacters/ModularParts/SK_Chr_LegLeft_Female_19.SK_Chr_LegLeft_Female_19""')",""
